SERIES_CODE,COUNTRY,INDICATOR,TYPE_OF_TRANSFORMATION,FREQUENCY,SCALE,2016,2017,2018,2019,2020,2021,2022,2023,2024,2025
IND.ODCORP_A_F2MSOTS_RR_ACO_S121_ODCS.XDC.A,India,"Assets, Deposits and securities other than shares, Required reserves, Claims on Central bank (ODCS)",Domestic currency,Annual,Millions,4622670.0,4790590.0,5155630.0,6037020.0,5221760.0,7648284.6,8997771.0,10012806.9,10002595.3,7606143.6
IND.ODCORP_A_ACO_PS_ODCS.XDC.A,India,"Assets, Claims on Private sector (ODCS)",Domestic currency,Annual,Millions,58801794.81,65233911.69,73515033.34,77877187.39,80978474.23,87055731.51,99732708.52,118527018.7,132343752.3,152094169.9
IND.ODCORP_A_ACO_S1311MIXED_ODCS.XDC.A,India,"Assets, Claims on Central Government (ODCS)",Domestic currency,Annual,Millions,31048762.29,27878922.5,27680752.55,31115005.32,35628093.66,36172107.22,40748486.31,47197868.86,51647494.12,53881553.04
IND.ODCORP_A_ACO_S121_ODCS.XDC.A,India,"Assets, Claims on Central bank (ODCS)",Domestic currency,Annual,Millions,7501634.646,6467863.078,6224050.194,9303785.895,11944707.17,16809006.77,11603222.68,11991003.63,11656594.32,10625894.3
IND.ODCORP_A_ACO_S12R_ODCS.XDC.A,India,"Assets, Claims on Other financial corporations (ODCS)",Domestic currency,Annual,Millions,5410861.649,6399374.428,8932280.165,10864890.42,12231237.96,13938129.59,19764161.46,18907322.16,19747613.79,22332437.22
IND.ODCORP_A_IL_ACO_NRES_ODCS.USD.A,India,"Assets, International Liquidity, Claims on Nonresidents (ODCS)",US dollar,Annual,Millions,16127.85512,24935.28499,21539.78341,29511.96972,45632.6915,40661.33915,31442.93429,36323.75256,55967.3038,78157.4208
IND.ODCORP_A_ACO_S13M1_ODCS.XDC.A,India,"Assets, Claims on State and Local Governments (ODCS)",Domestic currency,Annual,Millions,7655878.241,8309683.443,8746481.068,9528132.2,12199334.72,14184242.66,14291366.48,16819384.16,18442451.27,19257357.55
IND.ODCORP_L_F51KOE_ODCS.XDC.A,India,"Liabilities, Shares and other Equity (ODCS)",Domestic currency,Annual,Millions,13439033.4,12466620.63,14048275.06,19571609.61,21490180.89,16670191.16,16648835.35,46201456.02,67204736.2,77265542.52
IND.ODCORP_A_ACO_S1_Z_ODCS.XDC.A,India,"Assets, Claims on Other sectors (ODCS)",Domestic currency,Annual,Millions,93138803.98,102717299.0,116463807.0,124975650.4,134075914.7,147445648.3,167091634.9,192942796.1,213672715.9,243230936.7
IND.ODCORP_L_F6_ODCS.XDC.A,India,"Liabilities, Insurance Technical Reserves (ODCS)",Domestic currency,Annual,Millions,0.0,0.0,0.0,0.0,0.0,0.0,0.0,0.0,0.0,0.0
IND.ODCORP_A_ACO_NRES_ODCS.XDC.A,India,"Assets, Claims on Nonresidents (ODCS)",Domestic currency,Annual,Millions,1095963.556,1594045.444,1503311.026,2103436.13,3333632.392,3021239.152,2603041.047,3019099.547,4792099.647,7027899.647
IND.ODCORP_A_F21_ACO_S121_ODCS.XDC.A,India,"Assets, Currency, Claims on Central bank (ODCS)",Domestic currency,Annual,Millions,1573502.864,809409.3047,789739.4404,914653.4747,949651.7226,1057861.417,1104160.975,1068806.025,1012248.319,951619.9946
IND.ODCORP_A_OCO_S121_ODCS.XDC.A,India,"Assets, Other claims on Central bank (ODCS)",Domestic currency,Annual,Millions,1305461.782,867863.773,278680.754,2352112.42,5773295.448,8102860.75,1501290.704,909390.704,641750.704,2068130.704
IND.ODCORP_L_LT_NRES_ODCS.XDC.A,India,"Liabilities, Liabilities to Nonresidents (ODCS)",Domestic currency,Annual,Millions,0.0,0.0,0.0,0.0,0.0,0.0,0.0,0.0,0.0,0.0
IND.ODCORP_NETAL_NCO_S1311MIXED_ODCS.XDC.A,India,"Net (assets less liabilities), Net Claims on Central Government (ODCS)",Domestic currency,Annual,Millions,31048762.29,27878922.5,27680752.55,31115005.32,35628093.66,36172107.22,40748486.31,47197868.86,51647494.12,53881553.04
IND.ODCORP_NETAL_NFRA_ODCS.XDC.A,India,"Net (assets less liabilities), Net foreign assets (ODCS)",Domestic currency,Annual,Millions,1095963.556,1594045.444,1503311.026,2103436.13,3333632.392,3021239.152,2603041.047,3019099.547,4792099.647,7027899.647
IND.ODCORP_L_F29_IBM_ODCS.XDC.A,India,"Liabilities, Other Deposits, Included In Broad Money (ODCS)",Domestic currency,Annual,Millions,100112067.8,103223565.3,112710269.2,123744422.1,136454432.2,149758234.0,163321308.7,184596221.6,203071455.4,224325272.7
IND.ODCORP_L_F2M_XBM_ODCS.XDC.A,India,"Liabilities, Deposits, Excluded From Broad Money (ODCS)",Domestic currency,Annual,Millions,0.0,0.0,0.0,0.0,0.0,0.0,0.0,0.0,0.0,0.0
IND.ODCORP_A_ACO_S11001_ODCS.XDC.A,India,"Assets, Claims on Public non-financial corporations (ODCS)",Domestic currency,Annual,Millions,21270269.27,22774329.45,25270012.38,26705440.39,28666867.75,32267544.5,33303398.46,38689071.12,43138898.56,49546972.09
IND.ODCORP_L_F3_XBM_ODCS.XDC.A,India,"Liabilities, Securities other than Shares, Excluded From Broad Money (ODCS)",Domestic currency,Annual,Millions,0.0,0.0,0.0,0.0,0.0,0.0,0.0,0.0,0.0,0.0
IND.ODCORP_L_LT_S121_ODCS.XDC.A,India,"Liabilities, Liabilities to Central bank (ODCS)",Domestic currency,Annual,Millions,176617.973,1265238.609,1849985.208,294613.689,812700.087,1074755.146,1329375.931,2761907.714,2447070.0,1691840.0
IND.ODCORP_L_F71_ODCS.XDC.A,India,"Liabilities, Financial Derivatives (ODCS)",Domestic currency,Annual,Millions,0.0,0.0,0.0,0.0,0.0,0.0,0.0,0.0,0.0,0.0
IND.ODCORP_L_IL_LT_NRES_ODCS.USD.A,India,"Liabilities, International Liquidity, Liabilities to Nonresidents (ODCS)",US dollar,Annual,Millions,0.0,0.0,0.0,0.0,0.0,0.0,0.0,0.0,0.0,0.0
IND.ODCORP_L_F4_ODCS.XDC.A,India,"Liabilities, Loans (ODCS)",Domestic currency,Annual,Millions,3390292.0,3219254.718,3574968.984,3190007.259,2515448.6,2699760.5,4407437.3,7635839.7,9597746.736,8307841.112
IND.ODCORP_L_LT_S1311MIXED_ODCS.XDC.A,India,"Liabilities, Liabilities to Central Government (ODCS)",Domestic currency,Annual,Millions,0.0,0.0,0.0,0.0,0.0,0.0,0.0,0.0,0.0,0.0
IND.ODCORP_L_F3_IBM_ODCS.XDC.A,India,"Liabilities, Securities other than Shares, Included In Broad Money (ODCS)",Domestic currency,Annual,Millions,0.0,0.0,0.0,0.0,0.0,0.0,0.0,0.0,0.0,0.0
IND.ODCORP_L_F22_IBM_ODCS.XDC.A,India,"Liabilities, Transferable Deposits, Included In Broad Money (ODCS)",Domestic currency,Annual,Millions,11934538.01,12470101.11,13026000.61,14739561.52,16866281.77,22060524.13,23419356.69,25804895.18,27107128.2,34226575.56
IND.ODCORP_NETAL_OIN_ASEC_ODCS.XDC.A,India,"Net (assets less liabilities), Other items (Net), All sectors (ODCS)",Domestic currency,Annual,Millions,3732615.26,6013349.687,6662421.708,5957663.526,6843304.326,11184536.51,12920071.0,-11849552.08,-27659232.53,-33096258.2
IND.ODCORP_A_T_ASEC_ODC2SR.XDC.A,India,"Assets, Total, All sectors (ODC2SR)",Domestic currency,Annual,Millions,143505188.1,149758102.1,165984027.5,181071663.1,200917750.4,218968550.4,241167574.1,284156322.3,326455130.2,363903842.6
